,Country,Happiness Score,GDP per Capita,Social Support,Health/Life Expectancy,Freedom to Make Choices,Generosity,Perceptions of Govâ€™t Corruption,Year
0,Denmark,7.526,1.4417799999999998,1.16374,0.79504,0.5794100000000001,0.36171,0.44453,2016
1,Switzerland,7.508999999999999,1.52733,1.14524,0.86303,0.58557,0.28083,0.41203,2016
2,Iceland,7.501,1.42666,1.18326,0.8673299999999999,0.56624,0.47678,0.14975,2016
3,Norway,7.497999999999998,1.57744,1.1269,0.79579,0.59609,0.37895,0.35776,2016
4,Finland,7.4129999999999985,1.40598,1.13464,0.81091,0.57104,0.25492,0.41004,2016
5,Canada,7.404,1.44015,1.0961,0.8276,0.5737,0.44834,0.31329,2016
6,Netherlands,7.338999999999999,1.46468,1.02912,0.8123100000000001,0.55211,0.47416,0.29927,2016
7,New Zealand,7.334,1.36066,1.17278,0.83096,0.5814699999999999,0.4940100000000001,0.41904,2016
8,Australia,7.313,1.44443,1.10476,0.8512,0.5683699999999999,0.47407,0.32331,2016
9,Sweden,7.291,1.45181,1.08764,0.83121,0.58218,0.38254,0.40867,2016
10,Israel,7.267,1.33766,0.99537,0.8491700000000001,0.36432,0.32288,0.08728,2016
11,Austria,7.119,1.45038,1.0838299999999998,0.80565,0.54355,0.32865,0.21348000000000006,2016
12,United States,7.104,1.50796,1.04782,0.779,0.48163,0.41077,0.14868,2016
13,Costa Rica,7.0870000000000015,1.06879,1.02152,0.76146,0.55225,0.22553,0.10547,2016
15,Germany,6.994,1.44787,1.09774,0.81487,0.53466,0.30452,0.28551,2016
16,Brazil,6.952000000000001,1.08754,1.03938,0.61415,0.40425,0.15775999999999998,0.14165999999999998,2016
17,Belgium,6.9289999999999985,1.42539,1.05249,0.8195899999999999,0.51354,0.2424,0.26248,2016
18,Ireland,6.907,1.48341,1.16157,0.81455,0.54008,0.44963,0.29754,2016
19,Luxembourg,6.871,1.69752,1.03999,0.8454200000000001,0.5487,0.27571,0.35329,2016
20,Mexico,6.778,1.1150799999999998,0.7146,0.71143,0.37709,0.11735,0.18355,2016
21,Singapore,6.739,1.64555,0.8675799999999999,0.94719,0.4877,0.32706,0.46987,2016
22,United Kingdom,6.725,1.40283,1.08672,0.80991,0.50036,0.50156,0.27399,2016
23,Chile,6.705,1.2167,0.90587,0.8188300000000001,0.37789,0.31595,0.11451,2016
24,Panama,6.7010000000000005,1.18306,0.98912,0.70835,0.48927,0.2418,0.08423,2016
25,Argentina,6.65,1.15137,1.0661200000000002,0.69711,0.42284,0.10989000000000003,0.07296,2016
26,Czech Republic,6.596,1.30915,1.00793,0.76376,0.41418,0.09929,0.03986,2016
27,United Arab Emirates,6.573,1.57352,0.8711399999999999,0.72993,0.56215,0.26591,0.35561,2016
28,Uruguay,6.545,1.18157,1.0314299999999998,0.72183,0.54388,0.18056,0.21394,2016
29,Malta,6.488,1.30782,1.09879,0.80315,0.54994,0.56237,0.17554,2016
30,Colombia,6.481,1.03032,1.02169,0.59659,0.44735,0.15625999999999998,0.05399,2016
31,France,6.478,1.39488,1.00508,0.83795,0.46562,0.1216,0.17808,2016
32,Thailand,6.474,1.0893,1.04477,0.64915,0.49553,0.58696,0.02833,2016
33,Saudi Arabia,6.379,1.48953,0.84829,0.59267,0.37904,0.15457,0.30008,2016
36,Spain,6.3610000000000015,1.34253,1.12945,0.8789600000000001,0.37545,0.17665,0.061370000000000015,2016
37,Algeria,6.355,1.05266,0.83309,0.6180399999999999,0.21006,0.07044,0.16157,2016
38,Guatemala,6.324,0.83454,0.8711899999999999,0.5403899999999999,0.50379,0.28808,0.08701,2016
40,Kuwait,6.239,1.61714,0.8775799999999999,0.63569,0.43166,0.15965,0.23669,2016
41,Bahrain,6.218,1.44024,0.94397,0.65696,0.47375,0.17147,0.25772,2016
42,Trinidad and Tobago,6.167999999999998,1.32572,0.98569,0.52608,0.48453,0.31935,0.01241,2016
43,Venezuela,6.084,1.1336700000000002,1.03302,0.6190399999999999,0.19847,0.0425,0.08304,2016
44,Slovakia,6.0779999999999985,1.27973,1.08268,0.70367,0.23391,0.13837,0.02947,2016
45,El Salvador,6.068,0.8737,0.80975,0.596,0.37269,0.08877,0.10613,2016
46,Malaysia,6.005,1.25142,0.88025,0.62366,0.39031,0.41474,0.09081,2016
47,Nicaragua,5.992000000000001,0.69384,0.8952100000000001,0.65213,0.46582,0.29773,0.16292,2016
48,Uzbekistan,5.987,0.7359100000000001,1.1681,0.50163,0.60848,0.34326,0.28333,2016
49,Italy,5.977,1.35495,1.04167,0.8510200000000001,0.18827,0.16684000000000002,0.02556,2016
50,Ecuador,5.976,0.97306,0.85974,0.68613,0.4027,0.10074,0.18037,2016
52,Japan,5.921,1.38007,1.06054,0.91491,0.46761,0.10224,0.18985,2016
53,Kazakhstan,5.919,1.22943,0.95544,0.57386,0.4052,0.15011,0.11132,2016
54,Moldova,5.897,0.69177,0.8313200000000001,0.5230899999999999,0.25202,0.19997,0.01903,2016
55,Russia,5.856,1.2322799999999998,1.05261,0.58991,0.32682,0.02736,0.03586,2016
56,Poland,5.835,1.24585,1.04685,0.69058,0.4519,0.14443,0.055,2016
57,South Korea,5.835,1.35948,0.7219399999999999,0.88645,0.25168,0.18824,0.07716,2016
58,Bolivia,5.822,0.79422,0.8377899999999999,0.4697,0.50961,0.21698,0.07746,2016
59,Lithuania,5.813,1.2692,1.06411,0.64674,0.18929,0.02025,0.0182,2016
60,Belarus,5.8020000000000005,1.1306200000000002,1.04993,0.6310399999999999,0.29091,0.13942000000000002,0.17457,2016
62,Slovenia,5.768,1.29947,1.05613,0.79151,0.53164,0.25738,0.03635,2016
63,Peru,5.7429999999999986,0.99602,0.81255,0.6299399999999999,0.37502,0.14527,0.05292,2016
64,Turkmenistan,5.658,1.08017,1.03817,0.4400600000000001,0.37408,0.22567,0.28467,2016
65,Mauritius,5.648,1.14372,0.75695,0.66189,0.46145,0.36951,0.052029999999999986,2016
66,Libya,5.615,1.0668799999999998,0.95076,0.52304,0.40672,0.17087,0.10339,2016
67,Latvia,5.56,1.21788,0.95025,0.63952,0.27996,0.17445,0.0889,2016
68,Cyprus,5.546,1.31857,0.70697,0.8488,0.29507,0.27906,0.052279999999999986,2016
69,Paraguay,5.5379999999999985,0.8937299999999999,1.11111,0.58295,0.46235,0.25296,0.07396,2016
70,Romania,5.528,1.1697,0.7280300000000001,0.67602,0.36712,0.12889,0.006790000000000001,2016
71,Estonia,5.517,1.27964,1.0516299999999998,0.68098,0.41511,0.08423,0.18519,2016
72,Jamaica,5.51,0.89333,0.96372,0.5946899999999999,0.43597,0.22245,0.04294,2016
73,Croatia,5.488,1.18649,0.6080899999999999,0.70524,0.23907,0.18434,0.04002,2016
76,Kosovo,5.401,0.90145,0.66062,0.54,0.14396,0.27992,0.06547,2016
77,Turkey,5.3889999999999985,1.1649200000000002,0.8771700000000001,0.64718,0.23889,0.04707,0.12348,2016
78,Indonesia,5.314,0.95104,0.87625,0.49374,0.39237,0.56521,0.00322,2016
79,Jordan,5.303,0.99673,0.86216,0.60712,0.36023,0.14262,0.13297,2016
80,Azerbaijan,5.291,1.12373,0.76042,0.54504,0.35327,0.0564,0.17914000000000002,2016
81,Philippines,5.279,0.81217,0.87877,0.4703600000000001,0.5485399999999999,0.21674,0.11757,2016
82,China,5.245,1.0278,0.79381,0.73561,0.44012,0.04959,0.02745,2016
84,Kyrgyzstan,5.185,0.5604399999999999,0.95434,0.5544899999999999,0.40212,0.38432,0.04762,2016
85,Serbia,5.1770000000000005,1.03437,0.81329,0.6458,0.15718,0.20737,0.04339,2016
86,Bosnia and Herzegovina,5.1629999999999985,0.93383,0.64367,0.7076600000000001,0.09511,0.29889,0.0,2016
87,Montenegro,5.1610000000000005,1.07838,0.74173,0.6353300000000001,0.15111,0.17190999999999998,0.12721,2016
88,Dominican Republic,5.155,1.02787,0.99496,0.5766899999999999,0.52259,0.21286,0.12372,2016
89,Morocco,5.151,0.8405799999999999,0.38595,0.5947100000000001,0.25646,0.04053,0.08404,2016
90,Hungary,5.145,1.24142,0.93164,0.67608,0.1977,0.099,0.04472,2016
91,Pakistan,5.1320000000000014,0.68816,0.26135,0.40306,0.14622000000000002,0.31185,0.1388,2016
92,Lebanon,5.129,1.12268,0.64184,0.76171,0.26228,0.23693000000000006,0.03061,2016
93,Portugal,5.122999999999998,1.27607,0.94367,0.7936300000000001,0.44727,0.11691,0.01521,2016
95,Vietnam,5.061,0.74037,0.7911699999999999,0.66157,0.5595399999999999,0.25075,0.11556,2016
97,Tunisia,5.045,0.97724,0.43165,0.59577,0.23553,0.03936,0.0817,2016
98,Greece,5.033,1.24886,0.75473,0.80029,0.058220000000000015,0.0,0.04127,2016
99,Tajikistan,4.996,0.48835,0.75602,0.5311899999999999,0.43408,0.25998000000000004,0.13509000000000002,2016
100,Mongolia,4.907,0.98853,1.08983,0.55469,0.35972,0.34539000000000003,0.03285,2016
102,Nigeria,4.875,0.75216,0.64498,0.05108,0.27854,0.23219,0.0305,2016
103,Honduras,4.871,0.69429,0.7559600000000001,0.5838300000000001,0.26755,0.2044,0.06906,2016
104,Iran,4.813,1.11758,0.38857,0.64232,0.22544,0.38538,0.0557,2016
105,Zambia,4.795,0.61202,0.6376,0.23573,0.42662,0.17866,0.11479,2016
106,Nepal,4.793,0.4462600000000001,0.69699,0.50073,0.37012,0.3816,0.07007999999999999,2016
107,Palestinian Territories,4.754,0.67024,0.71629,0.56844,0.17744,0.11154,0.10613,2016
108,Albania,4.655,0.9553,0.50163,0.73007,0.31866,0.1684,0.05301,2016
109,Bangladesh,4.643,0.54177,0.24749,0.52989,0.39778,0.19132,0.12583,2016
110,Sierra Leone,4.635,0.36485,0.628,0.0,0.30685,0.23897,0.08196,2016
111,Iraq,4.575,1.07474,0.59205,0.51076,0.24856,0.19589,0.13635999999999998,2016
112,Namibia,4.574,0.93287,0.70362,0.34745,0.48614,0.07795,0.10398,2016
113,Cameroon,4.513,0.5249699999999999,0.62542,0.12697999999999998,0.42736,0.2268,0.06126,2016
114,Ethiopia,4.508,0.29283000000000003,0.37932,0.34578000000000003,0.36703,0.29522,0.1717,2016
115,South Africa,4.459,1.02416,0.96053,0.18611,0.42483,0.13656,0.08415,2016
116,Sri Lanka,4.415,0.97318,0.84783,0.62007,0.50817,0.46978,0.07964,2016
117,India,4.404,0.74036,0.29247,0.45091,0.40285,0.25028,0.08722,2016
118,Myanmar,4.395,0.34112,0.69981,0.3988,0.42692,0.81971,0.20243,2016
119,Egypt,4.362,0.95395,0.49813,0.5211600000000001,0.18847,0.12705999999999998,0.10393,2016
120,Armenia,4.36,0.8608600000000001,0.6247699999999999,0.64083,0.14037,0.07793,0.036160000000000005,2016
121,Kenya,4.356,0.52267,0.7624,0.30147,0.40576,0.41328,0.06686,2016
122,Ukraine,4.324,0.87287,1.01413,0.58628,0.12859,0.20363,0.01829,2016
123,Ghana,4.276,0.63107,0.49353,0.29681,0.40973,0.21203,0.0326,2016
124,Congo (Kinshasa),4.272,0.05661,0.80676,0.188,0.15602,0.25458000000000003,0.06075,2016
125,Georgia,4.252,0.8379200000000001,0.19249,0.64035,0.32461,0.06786,0.3188,2016
126,Congo (Brazzaville),4.2360000000000015,0.7710899999999999,0.47799,0.28212,0.37938,0.12077,0.09753,2016
127,Senegal,4.2189999999999985,0.44314,0.7741600000000001,0.40457,0.31056,0.19103,0.11681,2016
128,Bulgaria,4.217,1.11306,0.92542,0.67806,0.21219,0.12793,0.00615,2016
129,Mauritania,4.2010000000000005,0.6139100000000001,0.8414200000000001,0.28639000000000003,0.1268,0.22686,0.17955,2016
130,Zimbabwe,4.1930000000000005,0.35041,0.71478,0.1595,0.25429,0.18503,0.08582000000000001,2016
131,Malawi,4.1560000000000015,0.08709,0.147,0.29364,0.4143,0.30968,0.07564,2016
133,Gabon,4.121,1.15851,0.72368,0.3494,0.28098,0.06244,0.09314,2016
134,Mali,4.073,0.31292,0.8633299999999999,0.16347,0.27544,0.21064,0.13647,2016
135,Haiti,4.0280000000000005,0.34097,0.29561,0.27494,0.12072,0.47958,0.14476,2016
136,Botswana,3.974,1.09426,0.89186,0.34752,0.44089,0.12425,0.10769,2016
138,Ivory Coast,3.916,0.55507,0.57576,0.04476,0.40663,0.20338,0.1553,2016
139,Cambodia,3.907,0.55604,0.5375,0.42494,0.5885199999999999,0.40339,0.08092,2016
141,Niger,3.856,0.1327,0.6053,0.26162,0.38041,0.2097,0.17176,2016
142,South Sudan,3.832,0.39394,0.18519,0.15780999999999998,0.19662,0.25899,0.13015,2016
143,Chad,3.763,0.42214,0.63178,0.03824,0.12807000000000002,0.18667,0.04952,2016
144,Burkina Faso,3.739,0.31995,0.63054,0.21297,0.3337,0.24353,0.12533,2016
145,Uganda,3.739,0.34719,0.90981,0.19625,0.43653,0.27102,0.06442,2016
146,Yemen,3.724,0.57939,0.47493,0.31048000000000003,0.2287,0.09821,0.058920000000000014,2016
147,Madagascar,3.695,0.27954,0.46115,0.37109,0.13684000000000002,0.2204,0.07506,2016
148,Tanzania,3.666,0.47155,0.77623,0.35700000000000004,0.3176,0.31472,0.05099,2016
149,Liberia,3.622,0.10706,0.50353,0.23165,0.25748000000000004,0.24063,0.04852,2016
150,Guinea,3.607,0.22415,0.3109,0.18829,0.30953,0.29914,0.1192,2016
151,Rwanda,3.515,0.32846,0.6158600000000001,0.31865,0.5432,0.23552,0.50521,2016
152,Benin,3.484,0.39499,0.10419,0.21028,0.39747,0.2018,0.06681000000000001,2016
153,Afghanistan,3.36,0.38227,0.11037,0.17344,0.1643,0.31268,0.07112,2016
154,Togo,3.303,0.28123000000000004,0.0,0.24811,0.34678000000000003,0.17517,0.11587,2016
156,Burundi,2.905,0.06831,0.23442,0.15747,0.0432,0.2029,0.09419,2016
0,Norway,7.537000179290769,1.61646318435669,1.53352355957031,0.796666502952576,0.635422587394714,0.36201223731041,0.31596383452415505,2017
1,Denmark,7.52199983596802,1.48238301277161,1.55112159252167,0.7925655245780941,0.626006722450256,0.3552804887294771,0.40077006816864,2017
2,Iceland,7.50400018692017,1.480633020401,1.6105740070343,0.8335521221160892,0.6271626353263849,0.475540220737457,0.15352655947208402,2017
3,Switzerland,7.49399995803833,1.5649795532226598,1.51691174507141,0.858131289482117,0.620070576667786,0.29054927825927696,0.3670072853565221,2017
4,Finland,7.468999862670901,1.44357192516327,1.5402467250824,0.80915766954422,0.6179508566856379,0.24548277258873,0.38261154294014,2017
5,Netherlands,7.3769998550415,1.50394463539124,1.42893922328949,0.8106961250305179,0.5853844881057739,0.470489829778671,0.282661825418472,2017
6,Canada,7.31599998474121,1.47920441627502,1.48134899139404,0.83455765247345,0.611100912094116,0.435539722442627,0.287371516227722,2017
7,New Zealand,7.31400012969971,1.40570604801178,1.54819512367249,0.816759705543518,0.6140621304512021,0.500005125999451,0.38281670212745705,2017
8,Sweden,7.28399991989136,1.49438726902008,1.47816216945648,0.830875158309937,0.612924098968506,0.38539925217628496,0.384398728609085,2017
9,Australia,7.28399991989136,1.4844149351120002,1.5100419521331798,0.84388679265976,0.601607382297516,0.477699249982834,0.301183730363846,2017
10,Israel,7.212999820709231,1.3753824234008798,1.37628996372223,0.83840399980545,0.405988603830338,0.330082654953003,0.0852421000599861,2017
11,Costa Rica,7.0789999961853,1.10970628261566,1.4164036512374898,0.7595092654228209,0.580131649971008,0.21461322903633104,0.100106589496136,2017
12,Austria,7.00600004196167,1.48709726333618,1.4599449634552,0.8153284192085269,0.567766189575195,0.316472321748734,0.22106036543846105,2017
13,United States,6.993000030517581,1.54625928401947,1.4199205636978105,0.7742866277694699,0.505740523338318,0.392578780651093,0.135638788342476,2017
14,Ireland,6.977000236511231,1.5357066392898602,1.55823111534119,0.8097826242446899,0.5731103420257571,0.42785832285881,0.2983881533145901,2017
15,Germany,6.9510002136230495,1.48792338371277,1.47252035140991,0.798950731754303,0.562511384487152,0.33626917004585305,0.276731938123703,2017
16,Belgium,6.89099979400635,1.46378076076508,1.4623126983642598,0.8180918693542479,0.5397707223892211,0.23150333762168895,0.251343131065369,2017
17,Luxembourg,6.86299991607666,1.74194359779358,1.45758366584778,0.845089495182037,0.59662789106369,0.283180981874466,0.31883442401886,2017
18,United Kingdom,6.71400022506714,1.44163393974304,1.4964600801467902,0.805335938930511,0.508190035820007,0.492774158716202,0.265428066253662,2017
19,Chile,6.65199995040894,1.25278460979462,1.28402495384216,0.8194797039031979,0.376895278692245,0.3266624212265011,0.0822879821062088,2017
20,United Arab Emirates,6.6479997634887695,1.6263433694839498,1.26641023159027,0.726798236370087,0.60834527015686,0.3609419465065,0.324489563703537,2017
21,Brazil,6.63500022888184,1.10735321044922,1.43130600452423,0.6165523529052729,0.437453746795654,0.16234989464282998,0.111092761158943,2017
22,Czech Republic,6.60900020599365,1.35268235206604,1.43388521671295,0.754444003105164,0.490946173667908,0.0881067588925362,0.0368729270994663,2017
23,Argentina,6.59899997711182,1.18529546260834,1.44045114517212,0.695137083530426,0.4945192039012911,0.109457060694695,0.059739887714385986,2017
24,Mexico,6.57800006866455,1.15318381786346,1.210862159729,0.709978997707367,0.412730008363724,0.120990432798862,0.132774114608765,2017
25,Singapore,6.57200002670288,1.69227766990662,1.35381436347961,0.9494923949241642,0.549840569496155,0.345965981483459,0.46430778503418,2017
26,Malta,6.52699995040894,1.34327983856201,1.48841166496277,0.821944236755371,0.588767051696777,0.5747305750846861,0.153066068887711,2017
27,Uruguay,6.4539999961853,1.21755969524384,1.41222786903381,0.719216823577881,0.5793922543525699,0.175096929073334,0.17806187272071802,2017
28,Guatemala,6.4539999961853,0.872001945972443,1.25558519363403,0.540239989757538,0.5313106179237371,0.283488392829895,0.0772232785820961,2017
29,Panama,6.4520001411438,1.23374843597412,1.3731925487518302,0.706156134605408,0.550026834011078,0.21055693924427,0.070983923971653,2017
30,France,6.44199991226196,1.43092346191406,1.38777685165405,0.8444658517837521,0.470222115516663,0.129762306809425,0.172502428293228,2017
31,Thailand,6.423999786376951,1.12786877155304,1.4257924556732198,0.647239029407501,0.580200731754303,0.572123110294342,0.0316127352416515,2017
33,Spain,6.40299987792969,1.38439786434174,1.53209090232849,0.888960599899292,0.408781230449677,0.190133571624756,0.0709140971302986,2017
35,Colombia,6.35699987411499,1.07062232494354,1.4021829366683998,0.595027923583984,0.477487415075302,0.14901447296142598,0.0466687418520451,2017
36,Saudi Arabia,6.343999862670901,1.53062355518341,1.28667759895325,0.590148329734802,0.449750572443008,0.147616013884544,0.27343225479126004,2017
37,Trinidad and Tobago,6.1680002212524405,1.36135590076447,1.3802285194397,0.5199832916259771,0.518630743026733,0.32529646158218395,0.00896481610834599,2017
38,Kuwait,6.10500001907349,1.63295245170593,1.25969874858856,0.6321057081222529,0.496337592601776,0.228289797902107,0.21515955030918105,2017
39,Slovakia,6.09800004959106,1.32539355754852,1.5050592422485398,0.712732911109924,0.295817464590073,0.136544480919838,0.0242108516395092,2017
40,Bahrain,6.08699989318848,1.48841226100922,1.3231104612350502,0.653133034706116,0.536746919155121,0.17266848683357194,0.257042169570923,2017
41,Malaysia,6.08400011062622,1.29121541976929,1.28464603424072,0.618784427642822,0.4022649824619289,0.416608929634094,0.0656007081270218,2017
42,Nicaragua,6.07100009918213,0.737299203872681,1.28721570968628,0.6530959606170649,0.447551846504211,0.301674216985703,0.130687981843948,2017
43,Ecuador,6.00799989700317,1.00082039833069,1.28616881370544,0.685636222362518,0.4551981985569,0.15011246502399406,0.140134647488594,2017
44,El Salvador,6.0029997825622585,0.909784495830536,1.1821250915527302,0.596018552780151,0.432452529668808,0.0782579854130745,0.0899809598922729,2017
45,Poland,5.97300004959106,1.29178786277771,1.44571197032928,0.699475347995758,0.520342111587524,0.158465966582298,0.0593078061938286,2017
46,Uzbekistan,5.97100019454956,0.786441087722778,1.54896914958954,0.498272627592087,0.6582486629486078,0.415983647108078,0.246528223156929,2017
47,Italy,5.96400022506714,1.39506661891937,1.44492328166962,0.8531443476676941,0.256450712680817,0.17278964817523998,0.0280280914157629,2017
48,Russia,5.962999820709231,1.28177809715271,1.46928238868713,0.547349333763123,0.373783111572266,0.0522638224065304,0.0329628810286522,2017
50,Japan,5.92000007629395,1.41691517829895,1.43633782863617,0.9134758710861208,0.505625545978546,0.12057276815176,0.163760736584663,2017
51,Lithuania,5.90199995040894,1.3145823478698702,1.47351610660553,0.62894994020462,0.234231784939766,0.010164656676352,0.0118656428530812,2017
52,Algeria,5.8720002174377415,1.09186446666718,1.1462174654007,0.6175846457481379,0.233335807919502,0.0694366469979286,0.14609611034393302,2017
53,Latvia,5.849999904632571,1.26074862480164,1.40471494197845,0.638566970825195,0.325707912445068,0.153074786067009,0.0738427266478539,2017
54,South Korea,5.837999820709231,1.40167844295502,1.1282744407653795,0.900214076042175,0.257921665906906,0.206674367189407,0.0632826685905457,2017
55,Moldova,5.837999820709231,0.7288706302642819,1.25182557106018,0.5894652009010309,0.240729048848152,0.20877912640571605,0.0100912861526012,2017
56,Romania,5.824999809265139,1.21768391132355,1.15009129047394,0.6851583123207089,0.457003742456436,0.133519917726517,0.004387900698930029,2017
57,Bolivia,5.82299995422363,0.833756566047668,1.22761905193329,0.4736302495002751,0.5587329268455511,0.22556072473526,0.0604777261614799,2017
58,Turkmenistan,5.82200002670288,1.1307767629623402,1.49314916133881,0.437726080417633,0.41827192902565,0.24992498755455,0.2592703402042389,2017
59,Kazakhstan,5.8189997673034695,1.2845562696456898,1.38436901569366,0.6060415506362921,0.43745428323745705,0.20196442306041695,0.11928288638591802,2017
61,Slovenia,5.75799989700317,1.3412059545517,1.4525188207626298,0.7908282279968258,0.572575807571411,0.242649093270302,0.0451289787888527,2017
62,Peru,5.71500015258789,1.03522527217865,1.21877038478851,0.6301661133766171,0.4500028789043429,0.126819714903831,0.0470490865409374,2017
63,Mauritius,5.62900018692017,1.18939554691315,1.20956099033356,0.6380074620246889,0.491247326135635,0.360933750867844,0.0421815551817417,2017
64,Cyprus,5.62099981307983,1.35593807697296,1.13136327266693,0.84471470117569,0.35511153936386103,0.271254301071167,0.0412379764020443,2017
65,Estonia,5.61100006103516,1.3208793401718102,1.47667109966278,0.695168316364288,0.479131430387497,0.0988908112049103,0.18324892222881306,2017
66,Belarus,5.5689997673034695,1.15655755996704,1.4449452161788898,0.6377142667770389,0.295400261878967,0.15513750910759,0.156313821673393,2017
67,Libya,5.525000095367429,1.10180306434631,1.35756433010101,0.520169019699097,0.465733230113983,0.15207366645336198,0.0926102101802826,2017
68,Turkey,5.5,1.1982743740081798,1.33775317668915,0.6376056075096129,0.300740599632263,0.0466930419206619,0.0996715798974037,2017
69,Paraguay,5.493000030517581,0.932537317276001,1.50728487968445,0.579250693321228,0.473507791757584,0.224150657653809,0.091065913438797,2017
71,Philippines,5.42999982833862,0.85769921541214,1.25391757488251,0.468009054660797,0.585214674472809,0.193513423204422,0.0993318930268288,2017
72,Serbia,5.39499998092651,1.06931757926941,1.2581897974014298,0.65078467130661,0.20871552824974104,0.22012588381767295,0.0409037806093693,2017
73,Jordan,5.33599996566772,0.9910123944282528,1.23908889293671,0.6045900583267211,0.418421149253845,0.17217046022415194,0.11980327218771003,2017
74,Hungary,5.32399988174438,1.2860119342803995,1.34313309192657,0.6877634525299069,0.17586351931095098,0.0784016624093056,0.0366369374096394,2017
75,Jamaica,5.31099987030029,0.925579309463501,1.3682180643081698,0.6410223841667181,0.474307239055634,0.23381833732128104,0.0552677810192108,2017
76,Croatia,5.2930002212524405,1.22255623340607,0.96798300743103,0.701288521289825,0.255772292613983,0.248002976179123,0.0431031100451946,2017
77,Kosovo,5.27899980545044,0.951484382152557,1.13785350322723,0.541452050209045,0.260287940502167,0.319931447505951,0.0574716180562973,2017
78,China,5.2729997634887695,1.08116579055786,1.16083741188049,0.741415500640869,0.472787708044052,0.0288068410009146,0.0227942746132612,2017
79,Pakistan,5.26900005340576,0.7268835306167599,0.6726906895637509,0.402047783136368,0.23521526157856,0.3154460191726681,0.124348066747189,2017
80,Indonesia,5.26200008392334,0.995538592338562,1.27444469928741,0.4923457205295561,0.443323463201523,0.611704587936401,0.0153171354904771,2017
81,Venezuela,5.25,1.12843120098114,1.43133759498596,0.617144227027893,0.15399712324142498,0.0650196298956871,0.0644911229610443,2017
82,Montenegro,5.23699998855591,1.12112903594971,1.23837649822235,0.6674646735191351,0.194989055395126,0.197911024093628,0.0881741940975189,2017
83,Morocco,5.2350001335144,0.8781145811080929,0.774864435195923,0.59771066904068,0.408158332109451,0.0322099551558495,0.0877631828188896,2017
84,Azerbaijan,5.2340002059936515,1.1536017656326298,1.15240025520325,0.5407757759094239,0.3981558382511141,0.0452693402767181,0.180987507104874,2017
85,Dominican Republic,5.230000019073491,1.07937383651733,1.4024167060852095,0.574873745441437,0.55258983373642,0.186967849731445,0.113945253193378,2017
86,Greece,5.227000236511231,1.28948748111725,1.23941457271576,0.8101989030838009,0.0957312509417534,0.0,0.04328977689147,2017
87,Lebanon,5.22499990463257,1.07498753070831,1.12962424755096,0.7350810766220089,0.28851598501205394,0.26445075869560203,0.037513829767704,2017
88,Portugal,5.19500017166138,1.3151752948761002,1.36704301834106,0.795843541622162,0.498465299606323,0.0951027125120163,0.0158694516867399,2017
89,Bosnia and Herzegovina,5.18200016021729,0.982409417629242,1.0693359375,0.705186307430267,0.204403176903725,0.328867495059967,0.0,2017
90,Honduras,5.1810002326965305,0.730573117733002,1.14394497871399,0.582569479942322,0.348079860210419,0.23618887364864305,0.0733454525470734,2017
93,Vietnam,5.07399988174438,0.7885475754737851,1.27749133110046,0.6521689891815191,0.571055591106415,0.234968051314354,0.0876332372426987,2017
94,Nigeria,5.07399988174438,0.783756256103516,1.21577048301697,0.0569157302379608,0.394952565431595,0.230947196483612,0.0261215660721064,2017
95,Tajikistan,5.04099988937378,0.524713635444641,1.27146327495575,0.5292351245880129,0.471566706895828,0.24899764358997306,0.14637714624404902,2017
97,Kyrgyzstan,5.0040001869201705,0.5962200760841371,1.39423859119415,0.553457796573639,0.454943388700485,0.42858037352562,0.0394391790032387,2017
98,Nepal,4.961999893188481,0.479820191860199,1.17928326129913,0.504130780696869,0.4403059482574461,0.3940961658954621,0.0729755461215973,2017
99,Mongolia,4.95499992370605,1.02723586559296,1.4930112361908,0.557783484458923,0.3941439688205721,0.338464230298996,0.0329022891819477,2017
100,South Africa,4.8289999961853,1.05469870567322,1.38478863239288,0.18708007037639604,0.479246735572815,0.13936237990856198,0.0725094974040985,2017
101,Tunisia,4.80499982833862,1.00726580619812,0.8683514595031742,0.613212049007416,0.289680689573288,0.0496933571994305,0.0867231488227844,2017
102,Palestinian Territories,4.77500009536743,0.716249227523804,1.15564715862274,0.565666973590851,0.25471106171608,0.114173173904419,0.0892826020717621,2017
103,Egypt,4.7350001335144,0.989701807498932,0.997471392154694,0.520187258720398,0.28211015462875394,0.128631442785263,0.114381365478039,2017
104,Bulgaria,4.71400022506714,1.1614590883255,1.43437945842743,0.708217680454254,0.2892317175865169,0.113177694380283,0.0110515309497714,2017
105,Sierra Leone,4.70900011062622,0.36842092871666,0.984136044979095,0.005564753897488121,0.318697690963745,0.293040901422501,0.0710951760411263,2017
106,Cameroon,4.69500017166138,0.564305365085602,0.946018218994141,0.132892116904259,0.430388748645782,0.23629845678806305,0.0513066314160824,2017
107,Iran,4.69199991226196,1.15687310695648,0.7115512490272521,0.639333188533783,0.24932260811328896,0.387242913246155,0.048761073499918005,2017
108,Albania,4.64400005340576,0.996192753314972,0.8036852478981021,0.731159746646881,0.381498634815216,0.201312944293022,0.0398642159998417,2017
109,Bangladesh,4.60799980163574,0.586682975292206,0.735131740570068,0.533241033554077,0.478356659412384,0.17225535213947304,0.123717859387398,2017
110,Namibia,4.57399988174438,0.964434325695038,1.0984708070755,0.33861181139946,0.520303547382355,0.0771337449550629,0.0931469723582268,2017
111,Kenya,4.55299997329712,0.560479462146759,1.06795072555542,0.30998834967613204,0.452763766050339,0.444860309362411,0.0646413192152977,2017
113,Myanmar,4.54500007629395,0.36711055040359497,1.12323594093323,0.397522568702698,0.514492034912109,0.8380751609802249,0.188816204667091,2017
114,Senegal,4.53499984741211,0.479309022426605,1.17969191074371,0.409362852573395,0.37792226672172496,0.183468893170357,0.115460447967052,2017
115,Zambia,4.513999938964839,0.6364067792892459,1.00318729877472,0.25783589482307395,0.461603492498398,0.249580144882202,0.0782135501503944,2017
116,Iraq,4.49700021743774,1.1027104854583702,0.978613197803497,0.501180469989777,0.288555532693863,0.19963726401329,0.107215754687786,2017
117,Gabon,4.46500015258789,1.1982102394104,1.1556202173233,0.35657858848571794,0.31232857704162603,0.0437853783369064,0.0760467872023582,2017
118,Ethiopia,4.46000003814697,0.339233845472336,0.8646692037582401,0.353409707546234,0.408842742443085,0.31265074014663696,0.16545571386814098,2017
119,Sri Lanka,4.44000005722046,1.00985014438629,1.25997638702393,0.625130832195282,0.561213254928589,0.490863561630249,0.0736539661884308,2017
120,Armenia,4.37599992752075,0.900596737861633,1.00748372077942,0.637524425983429,0.198303267359734,0.0834880918264389,0.0266744215041399,2017
121,India,4.31500005722046,0.7922212481498722,0.754372596740723,0.455427616834641,0.469987004995346,0.23153848946094505,0.0922268852591515,2017
122,Mauritania,4.29199981689453,0.6484572887420649,1.2720308303833,0.285349279642105,0.0960980430245399,0.201870024204254,0.136957004666328,2017
123,Congo (Brazzaville),4.29099988937378,0.8089642524719242,0.8320443630218509,0.28995743393898,0.4350258708000179,0.12085212767124197,0.0796181336045265,2017
124,Georgia,4.28599977493286,0.950612664222717,0.57061493396759,0.649546980857849,0.309410035610199,0.0540088154375553,0.25166663527488703,2017
125,Congo (Kinshasa),4.280000209808351,0.0921023488044739,1.22902345657349,0.191407024860382,0.235961347818375,0.246455833315849,0.0602413564920425,2017
126,Mali,4.19000005722046,0.476180493831635,1.2814733982086202,0.16936567425727805,0.306613743305206,0.183354198932648,0.10497024655342098,2017
127,Ivory Coast,4.17999982833862,0.6030489206314089,0.904780030250549,0.0486421696841717,0.4477061927318571,0.201237469911575,0.130061775445938,2017
128,Cambodia,4.1680002212524405,0.6017650961875921,1.00623834133148,0.429783403873444,0.633375823497772,0.385922968387604,0.0681059509515762,2017
130,Ghana,4.11999988555908,0.667224824428558,0.873664736747742,0.29563772678375205,0.423026293516159,0.25692394375801103,0.0253363698720932,2017
131,Ukraine,4.09600019454956,0.89465194940567,1.39453756809235,0.575903952121735,0.122974775731564,0.270061463117599,0.0230294708162546,2017
132,Uganda,4.08099985122681,0.381430715322495,1.12982773780823,0.21763260662555706,0.443185955286026,0.32576605677604703,0.057069718837738,2017
133,Burkina Faso,4.03200006484985,0.3502277135849001,1.04328000545502,0.21584425866603896,0.32436785101890603,0.250864684581757,0.12032810598611805,2017
134,Niger,4.02799987792969,0.16192533075809498,0.993025004863739,0.26850500702858,0.36365869641304,0.228673845529556,0.13857294619083402,2017
135,Malawi,3.97000002861023,0.233442038297653,0.5125688314437871,0.315089583396912,0.466914653778076,0.28717046976089505,0.0727116540074348,2017
136,Chad,3.9360001087188703,0.43801298737525896,0.953855872154236,0.0411347150802612,0.16234202682972002,0.216113850474358,0.0535818822681904,2017
137,Zimbabwe,3.875,0.3758465349674221,1.08309590816498,0.19676375389099104,0.336384207010269,0.189143493771553,0.0953753814101219,2017
140,Afghanistan,3.79399991035461,0.401477217674255,0.581543326377869,0.18074677884578694,0.106179520487785,0.311870932579041,0.0611578300595284,2017
141,Botswana,3.7660000324249294,1.12209415435791,1.22155499458313,0.34175550937652605,0.505196332931519,0.0993484482169151,0.0985831990838051,2017
142,Benin,3.65700006484985,0.43108540773391707,0.435299843549728,0.20993021130561804,0.42596277594566295,0.207948461174965,0.0609290152788162,2017
143,Madagascar,3.64400005340576,0.305808693170547,0.9130203723907472,0.375223308801651,0.18919676542282104,0.208732530474663,0.0672319754958153,2017
144,Haiti,3.6029999256134,0.368610262870789,0.640449821949005,0.277321130037308,0.0303698573261499,0.4892037808895109,0.0998721495270729,2017
145,Yemen,3.59299993515015,0.5916834473609921,0.93538224697113,0.310080915689468,0.24946372210979506,0.104125209152699,0.0567674227058887,2017
146,South Sudan,3.5910000801086404,0.39724862575531,0.601323127746582,0.163486003875732,0.147062435746193,0.285670816898346,0.116793513298035,2017
147,Liberia,3.532999992370609,0.119041793048382,0.8721179366111759,0.229918196797371,0.33288118243217496,0.26654988527298,0.0389482490718365,2017
148,Guinea,3.50699996948242,0.24454993009567305,0.7912446856498722,0.194129139184952,0.348587512969971,0.264815092086792,0.110937617719173,2017
149,Togo,3.4949998855590803,0.3054447174072269,0.4318825304508211,0.247105568647385,0.38042613863945,0.19689615070819896,0.0956650152802467,2017
150,Rwanda,3.47099995613098,0.368745893239975,0.945707023143768,0.326424807310104,0.5818438529968261,0.2527560293674469,0.455220013856888,2017
152,Tanzania,3.34899997711182,0.511135876178741,1.04198980331421,0.364509284496307,0.390017777681351,0.354256361722946,0.0660351067781448,2017
153,Burundi,2.90499997138977,0.091622568666935,0.629793584346771,0.151610791683197,0.0599007532000542,0.20443518459796894,0.0841479450464249,2017
0,Finland,7.6320000000000014,1.305,1.592,0.8740000000000001,0.6809999999999999,0.202,0.393,2018
1,Norway,7.5939999999999985,1.456,1.582,0.861,0.6859999999999999,0.28600000000000003,0.34,2018
2,Denmark,7.555,1.351,1.59,0.868,0.6829999999999999,0.284,0.408,2018
3,Iceland,7.495,1.3430000000000002,1.644,0.914,0.677,0.353,0.138,2018
4,Switzerland,7.487,1.42,1.5490000000000002,0.927,0.66,0.256,0.35700000000000004,2018
5,Netherlands,7.441,1.361,1.4880000000000002,0.878,0.638,0.333,0.295,2018
6,Canada,7.3279999999999985,1.33,1.5319999999999998,0.8959999999999999,0.653,0.321,0.29100000000000004,2018
7,New Zealand,7.324,1.268,1.601,0.8759999999999999,0.669,0.365,0.389,2018
8,Sweden,7.314,1.355,1.501,0.913,0.659,0.285,0.383,2018
9,Australia,7.272,1.34,1.5730000000000002,0.91,0.647,0.361,0.302,2018
10,United Kingdom,7.19,1.244,1.433,0.888,0.464,0.262,0.08199999999999999,2018
11,Austria,7.1389999999999985,1.341,1.504,0.8909999999999999,0.617,0.242,0.224,2018
12,Costa Rica,7.072,1.01,1.459,0.8170000000000001,0.632,0.14300000000000002,0.101,2018
13,Ireland,6.977,1.4480000000000002,1.5830000000000002,0.8759999999999999,0.614,0.307,0.306,2018
14,Germany,6.965,1.34,1.474,0.861,0.586,0.273,0.28,2018
15,Belgium,6.9270000000000005,1.324,1.483,0.894,0.583,0.188,0.24,2018
16,Luxembourg,6.91,1.5759999999999998,1.52,0.8959999999999999,0.632,0.196,0.321,2018
17,United States,6.886,1.398,1.471,0.8190000000000001,0.547,0.29100000000000004,0.133,2018
18,Israel,6.814,1.301,1.5590000000000002,0.883,0.5329999999999999,0.354,0.272,2018
19,United Arab Emirates,6.774,2.096,0.7759999999999999,0.67,0.284,0.18600000000000005,,2018
20,Czech Republic,6.711,1.233,1.489,0.8540000000000001,0.5429999999999999,0.064,0.034,2018
21,Malta,6.627000000000002,1.27,1.525,0.884,0.645,0.376,0.142,2018
22,France,6.489,1.293,1.466,0.908,0.52,0.098,0.17600000000000002,2018
23,Mexico,6.488,1.038,1.252,0.7609999999999999,0.479,0.069,0.095,2018
24,Chile,6.476,1.131,1.331,0.8079999999999999,0.431,0.197,0.061,2018
26,Panama,6.43,1.112,1.4380000000000002,0.759,0.597,0.125,0.063,2018
27,Brazil,6.419,0.986,1.474,0.675,0.493,0.11,0.08800000000000001,2018
28,Argentina,6.388,1.073,1.4680000000000002,0.7440000000000001,0.57,0.062,0.054000000000000006,2018
29,Guatemala,6.3820000000000014,0.7809999999999999,1.268,0.608,0.604,0.179,0.071,2018
30,Uruguay,6.379,1.093,1.459,0.7709999999999999,0.625,0.13,0.155,2018
32,Saudi Arabia,6.371,1.379,1.331,0.633,0.509,0.098,0.127,2018
33,Singapore,6.343,1.529,1.4509999999999998,1.008,0.631,0.261,0.457,2018
34,Malaysia,6.322,1.161,1.258,0.669,0.35600000000000004,0.311,0.059,2018
35,Spain,6.31,1.251,1.538,0.965,0.449,0.142,0.07400000000000001,2018
36,Colombia,6.26,0.96,1.439,0.635,0.531,0.099,0.039,2018
37,Trinidad and Tobago,6.192,1.223,1.492,0.564,0.575,0.171,0.019,2018
38,Slovakia,6.172999999999999,1.21,1.537,0.7759999999999999,0.354,0.118,0.014,2018
39,El Salvador,6.167000000000002,0.8059999999999999,1.231,0.639,0.461,0.065,0.08199999999999999,2018
40,Nicaragua,6.141,0.6679999999999999,1.319,0.7,0.527,0.208,0.128,2018
41,Poland,6.122999999999998,1.176,1.4480000000000002,0.7809999999999999,0.546,0.108,0.064,2018
42,Bahrain,6.105,1.338,1.366,0.698,0.594,0.243,0.123,2018
43,Uzbekistan,6.096,0.7190000000000001,1.584,0.605,0.7240000000000001,0.328,0.259,2018
44,Kuwait,6.082999999999998,1.474,1.301,0.675,0.5539999999999999,0.16699999999999998,0.106,2018
45,Thailand,6.072,1.016,1.4169999999999998,0.7070000000000001,0.637,0.364,0.029,2018
46,Italy,6.0,1.264,1.501,0.946,0.281,0.13699999999999998,0.028,2018
47,Ecuador,5.973,0.889,1.33,0.736,0.556,0.114,0.12,2018
49,Lithuania,5.952000000000001,1.197,1.527,0.716,0.35,0.026,0.006,2018
50,Slovenia,5.948,1.219,1.506,0.856,0.633,0.16,0.051,2018
51,Romania,5.945,1.116,1.219,0.726,0.528,0.08800000000000001,0.001,2018
52,Latvia,5.933,1.148,1.454,0.6709999999999999,0.363,0.092,0.066,2018
53,Japan,5.915,1.294,1.462,0.988,0.5529999999999999,0.079,0.15,2018
54,Mauritius,5.891,1.09,1.3869999999999998,0.684,0.584,0.245,0.05,2018
55,Jamaica,5.89,0.8190000000000001,1.493,0.693,0.575,0.096,0.031,2018
56,South Korea,5.875,1.266,1.204,0.955,0.244,0.175,0.051,2018
58,Russia,5.81,1.151,1.479,0.599,0.399,0.065,0.025,2018
59,Kazakhstan,5.79,1.143,1.516,0.631,0.454,0.14800000000000002,0.121,2018
60,Cyprus,5.7620000000000005,1.229,1.1909999999999998,0.909,0.423,0.202,0.035,2018
61,Bolivia,5.752000000000002,0.7509999999999999,1.223,0.508,0.606,0.141,0.054000000000000006,2018
62,Estonia,5.739,1.2,1.5319999999999998,0.737,0.5529999999999999,0.086,0.174,2018
63,Paraguay,5.681,0.835,1.5219999999999998,0.615,0.541,0.162,0.07400000000000001,2018
64,Peru,5.6629999999999985,0.934,1.249,0.674,0.53,0.092,0.034,2018
65,Kosovo,5.662000000000001,0.855,1.23,0.578,0.448,0.274,0.023,2018
66,Moldova,5.64,0.657,1.301,0.62,0.232,0.171,0.0,2018
67,Turkmenistan,5.636,1.016,1.533,0.517,0.417,0.199,0.037000000000000005,2018
68,Hungary,5.62,1.171,1.401,0.732,0.259,0.061,0.022,2018
69,Libya,5.566,0.985,1.35,0.5529999999999999,0.496,0.116,0.14800000000000002,2018
70,Philippines,5.524,0.775,1.3119999999999998,0.513,0.643,0.12,0.105,2018
71,Honduras,5.504,0.62,1.205,0.622,0.459,0.197,0.07400000000000001,2018
72,Belarus,5.483,1.039,1.4980000000000002,0.7,0.307,0.101,0.154,2018
73,Turkey,5.483,1.148,1.38,0.6859999999999999,0.324,0.106,0.109,2018
74,Pakistan,5.472,0.652,0.81,0.424,0.334,0.21600000000000005,0.113,2018
76,Portugal,5.41,1.188,1.429,0.884,0.562,0.055,0.017,2018
77,Serbia,5.398,0.975,1.369,0.685,0.28800000000000003,0.134,0.043,2018
78,Greece,5.358,1.154,1.202,0.879,0.131,0.0,0.044,2018
79,Lebanon,5.358,0.965,1.179,0.785,0.503,0.214,0.136,2018
80,Montenegro,5.347,1.017,1.279,0.7290000000000001,0.259,0.111,0.081,2018
81,Croatia,5.3210000000000015,1.115,1.161,0.737,0.38,0.12,0.039,2018
82,Dominican Republic,5.3020000000000005,0.982,1.4409999999999998,0.614,0.578,0.12,0.106,2018
83,Algeria,5.295,0.979,1.154,0.687,0.077,0.055,0.135,2018
84,Morocco,5.254,0.779,0.797,0.669,0.46,0.026,0.07400000000000001,2018
85,China,5.246,0.989,1.142,0.799,0.597,0.029,0.103,2018
86,Azerbaijan,5.2010000000000005,1.024,1.161,0.603,0.43,0.031,0.17600000000000002,2018
87,Tajikistan,5.199,0.474,1.166,0.598,0.292,0.187,0.034,2018
89,Jordan,5.1610000000000005,0.8220000000000001,1.265,0.645,0.468,0.13,0.134,2018
90,Nigeria,5.155,0.6890000000000001,1.172,0.048,0.462,0.201,0.032,2018
91,Kyrgyzstan,5.131,0.53,1.416,0.594,0.54,0.281,0.035,2018
92,Bosnia and Herzegovina,5.129,0.915,1.078,0.758,0.28,0.21600000000000005,0.0,2018
93,Mongolia,5.125,0.914,1.517,0.575,0.395,0.253,0.032,2018
94,Vietnam,5.103,0.715,1.365,0.7020000000000001,0.618,0.177,0.079,2018
95,Indonesia,5.093,0.899,1.215,0.522,0.5379999999999999,0.484,0.018000000000000002,2018
98,Cameroon,4.975,0.535,0.8909999999999999,0.182,0.454,0.183,0.043,2018
99,Bulgaria,4.933,1.054,1.515,0.7120000000000001,0.359,0.064,0.009000000000000001,2018
100,Nepal,4.88,0.425,1.228,0.539,0.526,0.302,0.078,2018
101,Venezuela,4.806,0.996,1.469,0.657,0.133,0.056,0.052000000000000005,2018
102,Gabon,4.758,1.036,1.164,0.404,0.35600000000000004,0.032,0.052000000000000005,2018
103,Palestinian Territories,4.743,0.642,1.217,0.602,0.266,0.086,0.076,2018
104,South Africa,4.724,0.94,1.41,0.33,0.516,0.103,0.056,2018
105,Iran,4.707,1.0590000000000002,0.7709999999999999,0.691,0.459,0.282,0.129,2018
106,Ivory Coast,4.671,0.541,0.872,0.08,0.467,0.146,0.103,2018
107,Ghana,4.657,0.5920000000000001,0.8959999999999999,0.337,0.499,0.212,0.029,2018
108,Senegal,4.631,0.429,1.117,0.433,0.406,0.138,0.08199999999999999,2018
110,Tunisia,4.592,0.9,0.906,0.69,0.271,0.04,0.063,2018
111,Albania,4.586,0.916,0.8170000000000001,0.79,0.419,0.149,0.032,2018
112,Sierra Leone,4.5710000000000015,0.256,0.813,0.0,0.355,0.238,0.053,2018
113,Congo (Brazzaville),4.559,0.682,0.8109999999999999,0.343,0.514,0.091,0.077,2018
114,Bangladesh,4.5,0.532,0.85,0.579,0.58,0.153,0.14400000000000002,2018
115,Sri Lanka,4.471,0.918,1.314,0.672,0.585,0.307,0.05,2018
116,Iraq,4.456,1.01,0.971,0.536,0.304,0.14800000000000002,0.095,2018
117,Mali,4.447,0.37,1.233,0.152,0.3670000000000001,0.139,0.056,2018
118,Namibia,4.441,0.8740000000000001,1.281,0.365,0.519,0.051,0.064,2018
119,Cambodia,4.433,0.5489999999999999,1.088,0.457,0.696,0.256,0.065,2018
120,Burkina Faso,4.424,0.314,1.097,0.254,0.312,0.175,0.128,2018
121,Egypt,4.419,0.885,1.025,0.5529999999999999,0.312,0.092,0.107,2018
123,Kenya,4.41,0.493,1.048,0.454,0.504,0.35200000000000004,0.055,2018
124,Zambia,4.377,0.562,1.047,0.295,0.503,0.221,0.08199999999999999,2018
125,Mauritania,4.356,0.557,1.245,0.292,0.129,0.134,0.093,2018
126,Ethiopia,4.35,0.308,0.95,0.391,0.452,0.22,0.146,2018
127,Georgia,4.34,0.853,0.5920000000000001,0.643,0.375,0.038,0.215,2018
128,Armenia,4.3210000000000015,0.816,0.99,0.6659999999999999,0.26,0.077,0.028,2018
129,Myanmar,4.308,0.682,1.1740000000000002,0.429,0.58,0.598,0.17800000000000002,2018
130,Chad,4.301,0.358,0.907,0.053,0.189,0.181,0.06,2018
131,Congo (Kinshasa),4.245,0.069,1.136,0.204,0.312,0.197,0.052000000000000005,2018
132,India,4.19,0.721,0.747,0.485,0.539,0.172,0.093,2018
133,Niger,4.166,0.131,0.867,0.221,0.39,0.175,0.099,2018
134,Uganda,4.1610000000000005,0.322,1.09,0.237,0.45,0.259,0.061,2018
135,Benin,4.141,0.378,0.3720000000000001,0.24,0.44,0.163,0.067,2018
137,Ukraine,4.103,0.7929999999999999,1.413,0.609,0.163,0.187,0.011,2018
138,Togo,3.999,0.259,0.474,0.253,0.434,0.158,0.101,2018
139,Guinea,3.964,0.344,0.792,0.211,0.394,0.185,0.094,2018
142,Madagascar,3.774,0.262,0.908,0.402,0.221,0.155,0.049,2018
143,Zimbabwe,3.692,0.35700000000000004,1.094,0.248,0.406,0.132,0.099,2018
144,Afghanistan,3.632,0.332,0.537,0.255,0.085,0.191,0.036000000000000004,2018
145,Botswana,3.59,1.017,1.1740000000000002,0.417,0.557,0.042,0.092,2018
146,Malawi,3.587,0.18600000000000005,0.541,0.306,0.531,0.21,0.08,2018
147,Haiti,3.582,0.315,0.7140000000000001,0.289,0.025,0.392,0.104,2018
148,Liberia,3.495,0.076,0.858,0.267,0.419,0.206,0.03,2018
150,Rwanda,3.408,0.332,0.8959999999999999,0.4,0.636,0.2,0.444,2018
151,Yemen,3.355,0.442,1.073,0.343,0.244,0.083,0.064,2018
152,Tanzania,3.303,0.455,0.991,0.381,0.481,0.27,0.097,2018
153,South Sudan,3.254,0.337,0.608,0.177,0.112,0.224,0.106,2018
155,Burundi,2.905,0.091,0.627,0.145,0.065,0.149,0.076,2018
0,Finland,7.769,1.34,1.587,0.986,0.596,0.153,0.393,2019
1,Denmark,7.6,1.383,1.5730000000000002,0.996,0.5920000000000001,0.252,0.41,2019
2,Norway,7.5539999999999985,1.4880000000000002,1.582,1.028,0.603,0.271,0.341,2019
3,Iceland,7.494,1.38,1.624,1.026,0.591,0.354,0.118,2019
4,Netherlands,7.487999999999999,1.396,1.5219999999999998,0.999,0.557,0.322,0.298,2019
5,Switzerland,7.48,1.452,1.526,1.052,0.5720000000000001,0.263,0.343,2019
6,Sweden,7.343,1.3869999999999998,1.487,1.009,0.574,0.267,0.373,2019
7,New Zealand,7.307,1.3030000000000002,1.557,1.026,0.585,0.33,0.38,2019
8,Canada,7.278,1.365,1.505,1.039,0.584,0.285,0.308,2019
9,Austria,7.246,1.376,1.475,1.016,0.532,0.244,0.226,2019
10,Australia,7.228,1.372,1.548,1.036,0.557,0.332,0.29,2019
11,Costa Rica,7.167000000000002,1.034,1.4409999999999998,0.963,0.5579999999999999,0.14400000000000002,0.093,2019
12,Israel,7.1389999999999985,1.276,1.455,1.029,0.371,0.261,0.08199999999999999,2019
13,Luxembourg,7.09,1.609,1.479,1.012,0.526,0.194,0.316,2019
14,United Kingdom,7.0539999999999985,1.3330000000000002,1.538,0.996,0.45,0.348,0.278,2019
15,Ireland,7.021,1.499,1.5530000000000002,0.999,0.516,0.298,0.31,2019
16,Germany,6.985,1.3730000000000002,1.454,0.987,0.495,0.261,0.265,2019
17,Belgium,6.922999999999999,1.356,1.504,0.986,0.473,0.16,0.21,2019
18,United States,6.892,1.433,1.457,0.8740000000000001,0.454,0.28,0.128,2019
19,Czech Republic,6.852,1.269,1.487,0.92,0.457,0.046,0.036000000000000004,2019
20,United Arab Emirates,6.825,1.503,1.31,0.825,0.598,0.262,0.182,2019
21,Malta,6.726,1.3,1.52,0.999,0.564,0.375,0.151,2019
22,Mexico,6.595,1.07,1.3230000000000002,0.861,0.433,0.07400000000000001,0.073,2019
23,France,6.5920000000000005,1.324,1.472,1.045,0.436,0.111,0.183,2019
25,Chile,6.444,1.159,1.369,0.92,0.35700000000000004,0.187,0.056,2019
26,Guatemala,6.436,0.8,1.269,0.746,0.535,0.175,0.078,2019
27,Saudi Arabia,6.375,1.403,1.357,0.795,0.439,0.08,0.132,2019
29,Spain,6.354,1.286,1.484,1.062,0.362,0.153,0.079,2019
30,Panama,6.3210000000000015,1.149,1.442,0.91,0.516,0.109,0.054000000000000006,2019
31,Brazil,6.3,1.004,1.439,0.802,0.39,0.099,0.086,2019
32,Uruguay,6.292999999999998,1.124,1.465,0.8909999999999999,0.523,0.127,0.15,2019
33,Singapore,6.2620000000000005,1.5719999999999998,1.463,1.141,0.556,0.271,0.453,2019
34,El Salvador,6.252999999999999,0.794,1.242,0.789,0.43,0.093,0.07400000000000001,2019
35,Italy,6.223,1.294,1.4880000000000002,1.039,0.231,0.158,0.03,2019
36,Bahrain,6.199,1.362,1.368,0.871,0.536,0.255,0.11,2019
37,Slovakia,6.198,1.246,1.504,0.8809999999999999,0.334,0.121,0.014,2019
38,Trinidad and Tobago,6.192,1.231,1.477,0.713,0.489,0.185,0.016,2019
39,Poland,6.182,1.206,1.4380000000000002,0.884,0.483,0.117,0.05,2019
40,Uzbekistan,6.174,0.745,1.529,0.7559999999999999,0.631,0.322,0.24,2019
41,Lithuania,6.149,1.238,1.515,0.818,0.29100000000000004,0.043,0.042,2019
42,Colombia,6.125,0.985,1.41,0.841,0.47,0.099,0.034,2019
43,Slovenia,6.1179999999999986,1.258,1.523,0.953,0.564,0.14400000000000002,0.057,2019
44,Nicaragua,6.105,0.6940000000000001,1.325,0.835,0.435,0.2,0.127,2019
45,Kosovo,6.1,0.882,1.232,0.758,0.489,0.262,0.006,2019
46,Argentina,6.086,1.092,1.432,0.8809999999999999,0.471,0.066,0.05,2019
47,Romania,6.07,1.162,1.232,0.825,0.462,0.083,0.005,2019
48,Cyprus,6.046,1.263,1.223,1.042,0.406,0.19,0.041,2019
49,Ecuador,6.028,0.912,1.3119999999999998,0.868,0.498,0.126,0.087,2019
50,Kuwait,6.021,1.5,1.319,0.8079999999999999,0.493,0.142,0.097,2019
51,Thailand,6.007999999999999,1.05,1.409,0.828,0.557,0.359,0.028,2019
52,Latvia,5.94,1.187,1.465,0.812,0.264,0.075,0.064,2019
53,South Korea,5.895,1.301,1.219,1.036,0.159,0.175,0.056,2019
54,Estonia,5.893,1.237,1.528,0.8740000000000001,0.495,0.103,0.161,2019
55,Jamaica,5.89,0.831,1.4780000000000002,0.831,0.49,0.107,0.028,2019
56,Mauritius,5.888,1.12,1.402,0.7979999999999999,0.498,0.215,0.06,2019
57,Japan,5.886,1.327,1.419,1.088,0.445,0.069,0.14,2019
58,Honduras,5.86,0.642,1.236,0.828,0.507,0.246,0.078,2019
59,Kazakhstan,5.809,1.173,1.508,0.7290000000000001,0.41,0.146,0.096,2019
60,Bolivia,5.779,0.7759999999999999,1.209,0.706,0.511,0.13699999999999998,0.064,2019
61,Hungary,5.757999999999999,1.2009999999999998,1.41,0.828,0.199,0.081,0.02,2019
62,Paraguay,5.7429999999999986,0.855,1.475,0.777,0.514,0.184,0.08,2019
64,Peru,5.697,0.96,1.274,0.8540000000000001,0.455,0.083,0.027000000000000003,2019
65,Portugal,5.693,1.221,1.431,0.999,0.508,0.047,0.025,2019
66,Pakistan,5.653,0.677,0.8859999999999999,0.535,0.313,0.22,0.098,2019
67,Russia,5.648,1.183,1.452,0.726,0.334,0.08199999999999999,0.031,2019
68,Philippines,5.631,0.807,1.293,0.657,0.5579999999999999,0.117,0.107,2019
69,Serbia,5.603,1.004,1.383,0.8540000000000001,0.282,0.13699999999999998,0.039,2019
70,Moldova,5.529,0.685,1.328,0.7390000000000001,0.245,0.181,0.0,2019
71,Libya,5.525,1.044,1.3030000000000002,0.6729999999999999,0.416,0.133,0.152,2019
72,Montenegro,5.523,1.051,1.361,0.871,0.197,0.142,0.08,2019
73,Tajikistan,5.4670000000000005,0.493,1.098,0.718,0.389,0.23,0.14400000000000002,2019
74,Croatia,5.432,1.155,1.266,0.914,0.29600000000000004,0.119,0.022,2019
76,Dominican Republic,5.425,1.015,1.401,0.779,0.4970000000000001,0.113,0.101,2019
77,Bosnia and Herzegovina,5.386,0.945,1.212,0.845,0.212,0.263,0.006,2019
78,Turkey,5.372999999999998,1.183,1.36,0.8079999999999999,0.195,0.083,0.106,2019
79,Malaysia,5.339,1.221,1.171,0.828,0.508,0.26,0.024,2019
80,Belarus,5.323,1.067,1.465,0.789,0.235,0.094,0.142,2019
81,Greece,5.287000000000001,1.181,1.156,0.999,0.067,0.0,0.034,2019
82,Mongolia,5.285,0.948,1.531,0.667,0.317,0.235,0.038,2019
84,Nigeria,5.265,0.696,1.111,0.245,0.426,0.215,0.041,2019
85,Kyrgyzstan,5.261,0.551,1.4380000000000002,0.723,0.508,0.3,0.023,2019
86,Turkmenistan,5.247000000000001,1.052,1.538,0.657,0.394,0.244,0.028,2019
87,Algeria,5.211,1.002,1.16,0.785,0.086,0.073,0.114,2019
88,Morocco,5.207999999999998,0.8009999999999999,0.782,0.782,0.418,0.036000000000000004,0.076,2019
89,Azerbaijan,5.207999999999998,1.043,1.147,0.769,0.35100000000000003,0.035,0.182,2019
90,Lebanon,5.197,0.987,1.224,0.815,0.21600000000000005,0.166,0.027000000000000003,2019
91,Indonesia,5.192,0.931,1.203,0.66,0.491,0.498,0.028,2019
92,China,5.191,1.029,1.125,0.893,0.521,0.058,0.1,2019
93,Vietnam,5.175,0.741,1.346,0.851,0.5429999999999999,0.147,0.073,2019
95,Cameroon,5.044,0.5489999999999999,0.91,0.331,0.381,0.187,0.037000000000000005,2019
96,Bulgaria,5.011,1.092,1.513,0.815,0.311,0.081,0.004,2019
97,Ghana,4.996,0.611,0.868,0.486,0.381,0.245,0.04,2019
98,Ivory Coast,4.944,0.569,0.8079999999999999,0.232,0.35200000000000004,0.154,0.09,2019
99,Nepal,4.913,0.446,1.226,0.677,0.439,0.285,0.08900000000000001,2019
100,Jordan,4.9060000000000015,0.8370000000000001,1.225,0.815,0.383,0.11,0.13,2019
101,Benin,4.883,0.393,0.4370000000000001,0.397,0.349,0.175,0.08199999999999999,2019
102,Congo (Brazzaville),4.812,0.6729999999999999,0.799,0.508,0.3720000000000001,0.105,0.093,2019
103,Gabon,4.799,1.057,1.183,0.5710000000000001,0.295,0.043,0.055,2019
105,South Africa,4.722,0.96,1.351,0.469,0.389,0.13,0.055,2019
106,Albania,4.7189999999999985,0.947,0.848,0.8740000000000001,0.383,0.17800000000000002,0.027000000000000003,2019
107,Venezuela,4.707,0.96,1.4269999999999998,0.805,0.154,0.064,0.047,2019
108,Cambodia,4.7,0.574,1.122,0.637,0.609,0.232,0.062,2019
109,Palestinian Territories,4.6960000000000015,0.657,1.247,0.672,0.225,0.103,0.066,2019
110,Senegal,4.681,0.45,1.134,0.5710000000000001,0.292,0.153,0.07200000000000001,2019
112,Namibia,4.6389999999999985,0.879,1.3130000000000002,0.477,0.401,0.07,0.056,2019
113,Niger,4.628,0.138,0.774,0.366,0.318,0.188,0.102,2019
114,Burkina Faso,4.587,0.331,1.056,0.38,0.255,0.177,0.113,2019
115,Armenia,4.559,0.85,1.055,0.815,0.28300000000000003,0.095,0.064,2019
116,Iran,4.548,1.1,0.8420000000000001,0.785,0.305,0.27,0.125,2019
117,Guinea,4.534,0.38,0.8290000000000001,0.375,0.332,0.207,0.086,2019
118,Georgia,4.519,0.8859999999999999,0.6659999999999999,0.752,0.34600000000000003,0.043,0.16399999999999998,2019
120,Kenya,4.509,0.512,0.983,0.581,0.431,0.3720000000000001,0.053,2019
121,Mauritania,4.49,0.57,1.167,0.489,0.066,0.106,0.08800000000000001,2019
123,Tunisia,4.461,0.921,1.0,0.815,0.16699999999999998,0.059,0.055,2019
124,Bangladesh,4.456,0.562,0.928,0.723,0.527,0.166,0.14300000000000002,2019
125,Iraq,4.437,1.043,0.98,0.574,0.241,0.14800000000000002,0.08900000000000001,2019
126,Congo (Kinshasa),4.418,0.094,1.125,0.35700000000000004,0.269,0.212,0.053,2019
127,Mali,4.39,0.385,1.105,0.308,0.327,0.153,0.052000000000000005,2019
128,Sierra Leone,4.374,0.268,0.841,0.242,0.309,0.252,0.045,2019
129,Sri Lanka,4.3660000000000005,0.949,1.265,0.831,0.47,0.244,0.047,2019
130,Myanmar,4.36,0.71,1.181,0.555,0.525,0.5660000000000001,0.172,2019
131,Chad,4.35,0.35,0.7659999999999999,0.192,0.174,0.198,0.078,2019
132,Ukraine,4.332,0.82,1.39,0.7390000000000001,0.17800000000000002,0.187,0.01,2019
133,Ethiopia,4.2860000000000005,0.336,1.033,0.532,0.344,0.209,0.1,2019
135,Uganda,4.189,0.332,1.069,0.443,0.35600000000000004,0.252,0.06,2019
136,Egypt,4.166,0.913,1.039,0.644,0.241,0.076,0.067,2019
137,Zambia,4.107,0.578,1.058,0.426,0.431,0.247,0.087,2019
138,Togo,4.085,0.275,0.5720000000000001,0.41,0.293,0.177,0.085,2019
139,India,4.015,0.755,0.765,0.588,0.498,0.2,0.085,2019
140,Liberia,3.975,0.073,0.922,0.443,0.37,0.233,0.033,2019
142,Madagascar,3.933,0.274,0.916,0.555,0.14800000000000002,0.16899999999999998,0.041,2019
144,Burundi,3.775,0.046,0.447,0.38,0.22,0.17600000000000002,0.18,2019
145,Zimbabwe,3.663,0.366,1.114,0.433,0.361,0.151,0.08900000000000001,2019
146,Haiti,3.597,0.32299999999999995,0.688,0.449,0.026,0.419,0.11,2019
147,Botswana,3.488,1.041,1.145,0.5379999999999999,0.455,0.025,0.1,2019
149,Malawi,3.41,0.191,0.56,0.495,0.443,0.218,0.08900000000000001,2019
150,Yemen,3.38,0.287,1.163,0.463,0.14300000000000002,0.108,0.077,2019
151,Rwanda,3.334,0.359,0.711,0.614,0.555,0.217,0.411,2019
152,Tanzania,3.2310000000000003,0.476,0.885,0.499,0.417,0.276,0.147,2019
153,Afghanistan,3.2030000000000003,0.35,0.517,0.361,0.0,0.158,0.025,2019
155,South Sudan,2.853,0.306,0.575,0.295,0.01,0.202,0.091,2019
0,Finland,7.808700085,10.63926697,0.954329729,71.9008255,0.949172199,-0.059482019,0.195444584,2020
1,Denmark,7.645599842,10.77400112,0.955990791,72.40250397,0.951444268,0.06620177599999999,0.168489456,2020
2,Switzerland,7.559899807000001,10.97993279,0.942846596,74.10244751,0.921336651,0.105911039,0.303728431,2020
3,Iceland,7.504499912000001,10.77255917,0.974669576,73.0,0.948891878,0.246944219,0.7117097379999999,2020
4,Norway,7.4879999160000015,11.08780384,0.952486575,73.20078278,0.955750287,0.13453263,0.263218194,2020
5,Netherlands,7.448900223,10.81271172,0.93913883,72.30091858,0.908547819,0.20761244,0.364717126,2020
6,Sweden,7.353499889,10.75879383,0.926311195,72.60076904,0.939144194,0.111614622,0.250880182,2020
7,New Zealand,7.299600123999999,10.50094318,0.949118972,73.20262909,0.936217487,0.191598073,0.22113885,2020
8,Austria,7.294199944,10.7428236,0.928045869,73.00250244,0.899989486,0.085429221,0.499954879,2020
9,Luxembourg,7.237500191,11.45068073,0.906912208,72.59999847,0.90563643,-0.004620588,0.367084295,2020
10,Canada,7.23210001,10.69236851,0.927176654,73.60160065,0.933913231,0.124770768,0.390843362,2020
11,Australia,7.222799778,10.72059631,0.944854617,73.60453796,0.915431738,0.19046016,0.41516912,2020
12,United Kingdom,7.164500237,10.60013485,0.93668282,72.30160522,0.834743679,0.263732493,0.435915917,2020
13,Israel,7.128600121,10.41752529,0.913571239,73.20025635,0.7475805879999999,0.10259372,0.78085506,2020
14,Costa Rica,7.121399879,9.658156395,0.901545942,71.29985046,0.934738934,-0.10242971,0.7863324279999999,2020
15,Ireland,7.093699932000001,11.16097832,0.942081571,72.30078888,0.8869829770000001,0.145784974,0.357184172,2020
16,Germany,7.075799942000001,10.7328186,0.898874462,72.20201874,0.867371082,0.08017938599999999,0.456422031,2020
17,United States,6.9395999910000015,10.92576885,0.914219022,68.29949951,0.842619538,0.149891734,0.6997153159999999,2020
18,Czech Republic,6.9109001160000005,10.40416336,0.914430678,70.04793549,0.818537354,-0.230861515,0.85844624,2020
19,Belgium,6.863500117999999,10.6736393,0.911632538,72.00164795,0.813582063,-0.078691199,0.612297952,2020
20,United Arab Emirates,6.790800095,11.1099987,0.8491811159999999,67.08278656,0.941345513,0.123450845,0.594502211,2020
21,Malta,6.7727999689999985,10.53383827,0.93037951,72.19999695,0.924911439,0.214965805,0.658547282,2020
22,France,6.663799762999999,10.58422279,0.937103748,73.80193329,0.8254676459999999,-0.130641967,0.583521128,2020
23,Mexico,6.465000152999999,9.797797203,0.8386654259999999,68.29902649,0.8587092759999999,-0.175266623,0.806821585,2020
25,Uruguay,6.440100192999999,9.948192596,0.92281127,69.00254822,0.892395437,-0.101103112,0.635994136,2020
26,Saudi Arabia,6.406499863,10.79781246,0.874067068,66.30514526,0.854191244,-0.16869506199999998,0.682619512,2020
27,Spain,6.4008998870000005,10.46292686,0.921125412,74.40270996,0.751989543,-0.050961714000000005,0.765859902,2020
28,Guatemala,6.398900032,8.924805641,0.8166214820000001,64.8089447,0.908147573,-0.042938665,0.783237457,2020
29,Italy,6.38740015,10.48183632,0.8898785709999999,73.60168457,0.66465199,-0.043460999000000014,0.873404682,2020
30,Singapore,6.3770999910000015,11.39552116,0.910268962,76.80458069,0.926645339,0.029879224,0.109784193,2020
31,Brazil,6.375599861,9.56643486,0.896723807,66.48016357,0.799804807,-0.101812392,0.7706012729999999,2020
32,Slovenia,6.363399982000001,10.39232254,0.939575672,71.1029892,0.936142623,-0.080603383,0.817071021,2020
33,El Salvador,6.34829998,8.909075737,0.8060922620000001,66.10826111,0.833805263,-0.121072978,0.754319906,2020
34,Kosovo,6.325200081,9.204429626,0.8207265140000001,63.88555527,0.861535907,0.190933764,0.922328293,2020
35,Panama,6.3048000339999986,10.03423405,0.902094483,69.60301208,0.880366504,-0.153927714,0.851588905,2020
36,Slovakia,6.280600071,10.34774971,0.922493756,68.90634155,0.7499526740000001,-0.124409303,0.918096125,2020
37,Uzbekistan,6.257599831,8.740371704,0.926595807,65.10757446,0.974998116,0.248427153,0.501497388,2020
38,Chile,6.228499889,10.0320549,0.879713595,69.90061951,0.7448962929999999,-0.065668367,0.838239431,2020
39,Bahrain,6.227300167,10.67638016,0.876342118,68.5,0.905855775,0.13372919,0.7393470999999999,2020
40,Lithuania,6.215499877999999,10.34362602,0.926107109,67.29407501,0.747381449,-0.219725296,0.809583843,2020
41,Trinidad and Tobago,6.1918997760000005,10.26000214,0.91529417,63.5,0.8579071159999999,0.000526841,0.912230611,2020
42,Poland,6.1862998010000005,10.26512432,0.874257445,69.31113434,0.8620557790000001,-0.205084071,0.6869270209999999,2020
43,Colombia,6.163400172999999,9.500369072,0.884440243,67.69958496,0.8361799120000001,-0.161235645,0.86457181,2020
44,Cyprus,6.15899992,10.40570259,0.8059962390000001,73.70222473,0.7798582909999999,0.043731496,0.8562717440000001,2020
45,Nicaragua,6.13710022,8.493160247999999,0.8574970359999999,67.50717926,0.8639028670000001,0.020959141,0.665950119,2020
46,Romania,6.123700142000001,10.107584,0.8251615170000001,67.20723724,0.842823207,-0.19781521,0.934300244,2020
47,Kuwait,6.102099895,11.08982468,0.8464752440000001,66.76764679,0.8723664879999999,-0.100184701,0.7608490590000001,2020
48,Mauritius,6.101299762999999,9.956786156,0.910357833,66.40434265,0.889534533,-0.018318573,0.8053430909999999,2020
49,Kazakhstan,6.0578999520000005,10.11465836,0.934744895,64.60996246,0.811601937,-0.068488635,0.7644908429999999,2020
50,Estonia,6.0218000410000005,10.34001732,0.934729993,68.60495758,0.87770915,-0.111697771,0.623073816,2020
51,Philippines,6.006000042,8.993545532,0.8467300529999999,61.92676163,0.915463448,-0.105463006,0.7336341140000001,2020
52,Hungary,6.000400066,10.24924374,0.921934128,67.60997009,0.718964577,-0.194323018,0.892916501,2020
53,Thailand,5.9987998010000005,9.741791725,0.8899732229999999,67.25059509,0.905063033,0.268685192,0.8862723109999999,2020
54,Argentina,5.974699974,9.810955048,0.900567949,68.80380249,0.831132412,-0.194913864,0.8420098420000001,2020
55,Honduras,5.953199862999999,8.424534798,0.821870148,67.19876862,0.870603263,0.086969115,0.801131904,2020
56,Latvia,5.949999809,10.17531967,0.918288589,66.8074646,0.671237648,-0.186888844,0.7955800890000001,2020
57,Ecuador,5.925199986,9.246058463999999,0.836418986,68.50003815,0.8598289490000001,-0.127014965,0.8012151120000001,2020
58,Portugal,5.9109001160000005,10.26374245,0.8865907190000001,72.40202332,0.8887478109999999,-0.220714301,0.8926295040000001,2020
59,Jamaica,5.889800072000001,9.006250381000001,0.915701866,67.09999847,0.8580685259999999,-0.12510676699999998,0.8888900279999999,2020
60,South Korea,5.872399807000001,10.51056671,0.7993871570000001,73.60272979999998,0.6129651070000001,-0.043404032,0.789067447,2020
61,Japan,5.870800018,10.57968903,0.883545935,75.00096893,0.8099613790000001,-0.246910349,0.654558063,2020
62,Peru,5.796800137000001,9.456313133,0.8310752509999999,68.10023499,0.8247660990000001,-0.16238822,0.8937149640000001,2020
63,Serbia,5.77820015,9.680980682000001,0.881475747,68.21020508,0.726495862,-0.073676221,0.843509018,2020
64,Bolivia,5.747499942999999,8.851115227000001,0.803108692,63.6004715,0.875873327,-0.09168113,0.8226062059999999,2020
65,Pakistan,5.69329977,8.482727051,0.689062297,58.25313568,0.734833717,0.04489987,0.7457054259999999,2020
66,Paraguay,5.692100048,9.389982224,0.8987278940000001,65.63993835,0.885923445,0.007997713,0.8347885009999999,2020
67,Dominican Republic,5.689199924,9.664880753,0.882085383,65.80748749,0.8662027720000001,-0.131263286,0.755999923,2020
68,Bosnia and Herzegovina,5.674099922000001,9.455817223,0.829204142,67.80813599,0.651352704,0.098274559,0.933769107,2020
69,Moldova,5.607500076,8.776714325,0.843313575,65.01301575,0.721609175,-0.037741039,0.913314283,2020
70,Tajikistan,5.555699825,8.024810791,0.835297108,64.10459137,0.831383407,-0.025088511,0.5920760629999999,2020
71,Montenegro,5.54610014,9.751860619,0.855314612,68.50534821,0.649565637,-0.075600356,0.7831215859999999,2020
72,Russia,5.546000004,10.12887192,0.903150737,64.10045624,0.729892612,-0.151153743,0.864802599,2020
73,Kyrgyzstan,5.541500092000001,8.148405075,0.8872284890000001,64.10601044,0.909374893,0.15477205800000002,0.888396084,2020
74,Belarus,5.539899826,9.779945374,0.90674746,66.10433197,0.6391630770000001,-0.164926544,0.63571167,2020
76,Greece,5.514999866,10.13232613,0.8143803479999999,72.40525818,0.5413451189999999,-0.30090737300000003,0.8599314090000001,2020
78,Croatia,5.504700184,10.07087517,0.874623716,70.21490479,0.714838803,-0.128538325,0.916495264,2020
79,Libya,5.488800049,9.789815903,0.8259429340000001,62.29999924,0.773157001,-0.085054487,0.668779135,2020
80,Mongolia,5.456200123,9.412186623,0.937142491,62.30448532,0.693351328,0.098093867,0.863511205,2020
81,Malaysia,5.384300232,10.26251888,0.816509426,67.10215759,0.8946268559999999,0.114726797,0.8393023009999999,2020
82,Vietnam,5.353499889,8.809545517,0.849987149,67.95273590000001,0.939592957,-0.094533332,0.79642123,2020
83,Indonesia,5.285600185,9.36975193,0.808379889,62.15584946,0.8706144090000001,0.519586504,0.876296401,2020
84,Ivory Coast,5.233300208999999,8.225561142,0.658048689,49.50377274,0.727909327,-0.043991156,0.7907719609999999,2020
85,Benin,5.21600008,7.674319744,0.468671143,54.31246567,0.735182583,-0.003537213,0.7405325770000001,2020
87,Congo (Brazzaville),5.194399834,8.536987305,0.6402280929999999,57.92448044,0.7190585140000001,-0.123674095,0.7517790790000001,2020
88,Azerbaijan,5.164800167,9.687726974,0.819308281,65.50839996,0.786824107,-0.240255281,0.55253756,2020
90,Ghana,5.1479997630000005,8.350645065,0.728601098,57.20398712,0.794796526,0.094170853,0.8479647640000001,2020
91,Nepal,5.137199879,7.925357342000001,0.785512447,63.77917862,0.797565043,0.154168829,0.7380991579999999,2020
92,Turkey,5.131800175,10.12941933,0.826313555,66.90281677,0.6088304520000001,-0.17104643600000002,0.748197377,2020
93,China,5.123899937,9.688568115,0.798760593,69.2891922,0.898517907,-0.18142575,0.7539710999999999,2020
94,Turkmenistan,5.119100093999999,9.74803257,0.958966196,62.21170807,0.8264570240000001,0.187671542,0.883691847,2020
95,Bulgaria,5.101500034,9.869318962000001,0.937840343,66.80397797,0.745178163,-0.143908441,0.935585141,2020
96,Morocco,5.094799995,8.940313339,0.5926284789999999,65.89624023,0.772072434,-0.240377247,0.8157246109999999,2020
97,Cameroon,5.084899902,8.118647575,0.700386405,52.7049408,0.7630518079999999,-0.00149645,0.8513365979999999,2020
98,Venezuela,5.053199768,8.977793693999999,0.890408158,66.50534058,0.62327832,-0.16909050899999994,0.837038398,2020
99,Algeria,5.005099773,9.537964821000001,0.8033851390000001,65.90517426,0.466610909,-0.121105164,0.7354851370000001,2020
100,Senegal,4.980800152,8.118982315,0.723616004,59.59915161,0.6905961629999999,-0.052335154,0.808785141,2020
101,Guinea,4.949299812,7.750990391,0.637573481,54.46780014,0.7068467740000001,0.076328471,0.761794448,2020
102,Niger,4.909599781,6.8421669010000015,0.617435038,53.50009537,0.759772122,0.013860817,0.722530186,2020
104,Albania,4.882699966000001,9.417930603,0.671070457,68.70813751,0.7819942240000001,-0.042309489000000006,0.896303713,2020
105,Cambodia,4.8484001160000005,8.249890327000001,0.773080647,61.52996826,0.959704638,0.051911179,0.8227690459999999,2020
106,Bangladesh,4.832799911,8.287063599,0.687292993,64.50306702,0.90062499,-0.033664726,0.661843538,2020
107,Gabon,4.829299927,9.680537224,0.787886858,59.71533966,0.7048292159999999,-0.222261623,0.8491509559999999,2020
108,South Africa,4.814099789,9.403370857,0.8525322679999999,56.50601196,0.7593300940000001,-0.109777324,0.843423843,2020
109,Iraq,4.7848000530000006,9.661095619,0.7476949690000001,59.90354919,0.633182645,-0.06956476,0.82226181,2020
110,Lebanon,4.771500111,9.3617239,0.824338138,67.10658264,0.5513575079999999,-0.06121527,0.90225625,2020
111,Burkina Faso,4.768700123,7.46854496,0.7129436140000001,53.88945389,0.665563583,-0.019080516,0.739795029,2020
113,Mali,4.729300021999999,7.629852295,0.7314689759999999,51.72698212,0.71156615,-0.044366926,0.839328408,2020
114,Nigeria,4.724100113,8.57662487,0.73721689,49.86190796,0.759578407,0.033745807,0.861874342,2020
115,Armenia,4.676799774,9.100476265,0.7574794290000001,66.75065613,0.7120178340000001,-0.13877961,0.7735447879999999,2020
116,Georgia,4.672599792,9.226100922,0.629033029,64.49520874,0.8016415240000001,-0.22892037,0.665944695,2020
117,Iran,4.672399998,9.813719749,0.6946896909999999,66.00614929,0.647873282,0.117891103,0.714635968,2020
118,Jordan,4.6333999630000005,9.025999069,0.80216372,66.79975128,0.75104779,-0.162565202,0.700344324,2020
120,Kenya,4.583000183,8.02977562,0.702652037,60.09693146,0.829747558,0.294681519,0.831499159,2020
121,Namibia,4.571100235,9.203141212,0.846880972,56.50148773,0.767520964,-0.18530646,0.8514497879999999,2020
122,Ukraine,4.56069994,9.010690689,0.878879368,64.60678101,0.663081884,-0.030933706,0.920636714,2020
123,Liberia,4.557899952,7.054380417000001,0.70928055,56.09631348,0.735268712,0.04227322,0.8563759329999999,2020
124,Palestinian Territories,4.552800179,8.389223099,0.825295925,62.25,0.645791829,-0.162079096,0.824199975,2020
125,Uganda,4.43200016,7.500389576,0.7649946209999999,55.70820236,0.7317139509999999,0.099487431,0.8367378120000001,2020
126,Chad,4.422699928,7.467963696,0.632388055,48.22053909,0.587305248,0.017834719,0.8027608390000001,2020
127,Tunisia,4.392199993,9.314972877999999,0.6887185570000001,66.89785767,0.593361557,-0.216413811,0.867590249,2020
128,Mauritania,4.374599934,8.233919144,0.7908192279999999,57.01017761,0.551522553,-0.106008142,0.746223509,2020
129,Sri Lanka,4.327000141,9.389969826,0.825374067,67.20006561,0.837633669,0.081129618,0.859001756,2020
130,Congo (Kinshasa),4.31099987,6.6942563060000015,0.6721590159999999,52.90000153,0.700793564,0.083637655,0.809403598,2020
132,Myanmar,4.308000088,8.680481911000001,0.78440702,58.96171188,0.895075202,0.560663998,0.645124316,2020
134,Togo,4.187200069,7.357711315,0.551312625,54.71989822,0.6498286129999999,0.002667875,0.7577334640000001,2020
135,Ethiopia,4.186200142,7.509385586,0.743307352,58.63959122,0.740795195,0.043377332000000005,0.7536900040000001,2020
136,Madagascar,4.165599823,7.281685829,0.668195903,59.10542679,0.5575740929999999,-0.011823639,0.8174856309999999,2020
137,Egypt,4.151400089,9.316541672,0.7354478240000001,61.78015137,0.708354175,-0.196878314,0.787726879,2020
138,Sierra Leone,3.926399946,7.26880312,0.636142015,50.86514282,0.715315044,0.088660747,0.861330688,2020
139,Burundi,3.775300026,6.492642403,0.490325719,53.40000153,0.626350224,-0.017551597,0.606934547,2020
140,Zambia,3.759399891,8.224720001,0.698824465,55.29937744,0.806500256,0.078037128,0.801289678,2020
141,Haiti,3.720799923,7.4113292689999986,0.593247831,55.59862518,0.537825167,0.40053457,0.6847672459999999,2020
143,India,3.573299885,8.849823952000001,0.592200935,60.21518707,0.8814448709999999,0.05755160700000001,0.772042692,2020
144,Malawi,3.538000107,7.062226295,0.544007301,57.59288788,0.803223193,0.021433279,0.731700778,2020
145,Yemen,3.527400017,7.759682655,0.817980587,56.72728348,0.599920273,-0.157735437,0.800287724,2020
146,Botswana,3.478899956,9.711203575,0.7791217570000001,58.92445374,0.8213281040000001,-0.250394493,0.777930915,2020
147,Tanzania,3.476200104,7.967665195,0.6889331940000001,57.49607468,0.82153976,0.109668687,0.619799435,2020
149,Rwanda,3.312299967,7.600104332000001,0.54083544,61.09884644,0.9005894059999999,0.055483952,0.183541179,2020
150,Zimbabwe,3.2992000580000003,7.8657116889999985,0.7630927559999999,55.61725998,0.711457908,-0.072063953,0.81023699,2020
151,South Sudan,2.816600084,7.425359726,0.553707123,51.0,0.451313615,0.016518548,0.7634173040000001,2020
152,Afghanistan,2.566900015,7.462860583999999,0.470366955,52.59000015,0.396573007,-0.0964294,0.933686554,2020
